{
    "R_0": {
        "P": [
            254870.603839626390,
            66722.8518750022136,
            6881.02772176766106,
            335.397807967219390,
            6.66544737164926158
        ],
        "Q": [
            225873.191629079972,
            -30978.7782754284374,
            1906.07868101188410,
            -63.6828217274155952,
            1.0000000000000000
        ],
        "u_max": 1.17683303804380831,
        "alpha": null,
        "beta": null
    },
    "R_1": {
        "P": [
            489.140447310410217,
            5335.07269317261966,
            20169.0736140442509,
            35247.8115595510907,
            30462.3668614714761,
            12567.9032426128967,
            2131.86789357398657,
            93.6520172085419439
        ],
        "Q": [
            656.826207643060606,
            4274.82831051941605,
            10555.7581310151498,
            12341.8742094611883,
            6949.18854413197094,
            1692.19650634194002,
            129.221772991589751,
            1.0000000000000000
        ],
        "u_max": 3.82993088157949761,
        "alpha": -0.443569407329314587,
        "beta": 0.376917874490198033
    },
    "R_2": {
        "P": [
            1019.84886406642351,
            9440.18255003922075,
            33947.6616363762463,
            60256.7280980542786,
            55243.0045063055787,
            24769.8354802210838,
            4511.77288617668292,
            211.432806336150141
        ],
        "Q": [
            350.502070353586442,
            2531.06296201234050,
            6939.09850659439245,
            9005.40197972396592,
            5606.73612994134056,
            1488.76634564005075,
            121.537028889412581,
            1.0000000000000000
        ],
        "u_max": 13.3854493161866553,
        "alpha": -0.400808277205416960,
        "beta": 0.104651569335924949
    },
    "R_3": {
        "P": [
            11885.8779398399498,
            113220.250825178799,
            408524.373881197840,
            695674.357483475952,
            569389.917088505552,
            206433.082013681440,
            27307.2535671974100,
            824.430826794730740
        ],
        "Q": [
            1634.40491220861182,
            12218.1158551884025,
            32911.7869957793233,
            38934.6963039399331,
            20038.8358438225823,
            3949.48380897796954,
            215.607404890995706,
            1.0000000000000000
        ],
        "u_max": 53.2408277860982205,
        "alpha": -0.335850513282463787,
        "beta": 0.0250907164450825724
    },
    "R_4": {
        "P": [
            11730.7011190435638,
            99421.7455796633651,
            327706.968910706902,
            530425.668016563224,
            438631.900516555072,
            175322.855662315845,
            28701.9605988813884,
            1258.20914464286403
        ],
        "Q": [
            634.080470383026173,
            4295.63159860265838,
            10868.5260668911946,
            12781.6871997977069,
            7093.80732100760563,
            1675.06417056300026,
            125.750901817759662,
            1.0000000000000000
        ],
        "u_max": 188.411871723022843,
        "alpha": -0.393877462475929313,
        "beta": 0.00739803415638806339
    },
    "R_S": {
        "P": [
            1281349.5144821933,
            420368.911157160874,
            689.69475714536117,
            1.0000000000000000
        ],
        "Q": [
            6088.08350831295857,
            221.445236759466761,
            0.718216708695397737
        ],
        "u_max": null,
        "alpha": 1.0000000000000000,
        "beta": -1080.13412050984017
    }
}