{
    "R_0": {
        "P": [
            4.1455867063620057963e+3,
            4.6492489228825891548e+3,
            2.5468279472604635596e+3,
            8.2617183361519822852e+2,
            1.6523324342898456833e+2,
            1.9139098333899331728e+1,
            1.0000233523167968436
        ],
        "Q": [
            1.8339260939384764384e+3,
            3.6590141066361902419e+3,
            3.3125828231919297460e+3,
            1.7661058946629507641e+3,
            5.9995878325365685481e+2,
            1.3022439202514782925e+2,
            1.6795762274957634668e+1,
            1.0
        ],
        "u_max": 2.3441053212124923635
    },
    "R_1": {
        "P": [
            1.0005640037689060269e+5,
            9.3795876901690924263e+4,
            1.1968436775807236253e+4,
            3.6056056623169881285e+3,
            3.0032390254773869879e+3,
            2.0666293152698467755e+2,
            4.6967188364979637811e+1,
            1.2655799929098327278e+1
        ],
        "Q": [
            6.0004232272321102537e+4,
            9.4591460433134797911e+3,
            -3.0260143411431122729e+3,
            2.2053261399494976502e+3,
            1.6664644949295151752e+2,
            -6.1135903669333744537e+1,
            1.7137481288783257727e+1,
            -1
        ],
        "u_max": 3.8475810464125087923
    },
    "R_2": {
        "P": [
            7.8077080328620324941e+5,
            7.4511980207693273717e+5,
            4.8570139135090628839e+5,
            2.1012609976203759489e+5,
            6.5930590125900094802e+4,
            1.6082333682678120185e+4,
            2.3070507238486040474e+3,
            2.1459577052537728303e+2
        ],
        "Q": [
            1.9761087937870631931e+5,
            9.7473867500546756247e+4,
            6.5697985373221757818e+4,
            1.5810815030487697013e+4,
            5.1437064634502537530e+3,
            5.4591421450702277492e+2,
            2.5466648701491294769e+1,
            -1
        ],
        "u_max": 5.6270896934467898338
    },
    "R_3": {
        "P": [
            9.723633697100386227e+7,
            1.0164545252921651718e+8,
            5.610803657489166187e+7,
            2.0533262113418584594e+7,
            5.262211474540097266e+6,
            9.659593698445202991e+5,
            1.1215569374855787353e+5,
            6.002807590319266831e+3
        ],
        "Q": [
            1.2112831832812397277e+7,
            8.485660688557204553e+6,
            3.6641826655801482580e+6,
            1.0199175729180822690e+6,
            1.8645751101280014065e+5,
            2.3351572064362269016e+4,
            3.6375418678884013347e+1,
            -1
        ],
        "u_max": 8.0747714790662749546
    },
    "R_4": {
        "P": [
            9.859217899528706965e+10,
            9.212482052867463736e+10,
            4.659030699733763790e+10,
            1.500219539387355430e+10,
            3.429550982788585142e+9,
            5.388776274849922981e+8,
            4.856263306490216609e+7,
            1.797949664146387803e+6
        ],
        "Q": [
            6.029507485001503472e+9,
            4.1500445650217712266e+9,
            1.7347612878358778140e+9,
            4.2659950096560926778e+8,
            7.803780012911421033e+7,
            7.194457928823351679e+6,
            -7.176409041887143411e+1,
            1.0
        ],
        "u_max": 12.670348407162363013
    },
    "R_5": {
        "P": [
            1.5170328199539480859e+6,
            1.7902383580145112376e+5,
            2.9240858775000640610e+3,
            1.0
        ],
        "Q": [
            9.398803527483198144e+2,
            1.1187685020374838766e+2,
            1.9239024822840602874,
            2.3436621932409201918e-3
        ],
        "u_max": null
    }
}